address	name	size	region	source	thunk	callers	callees
00401000	GameTick	96	game	USER_DEFINED		GameTimerProc,OnChar	DrawActors,DrawStatusPanel,GetTickCount,UpdateWorld
00401060	DrawActors	476	game	USER_DEFINED		GameTick,OnChar,OnKeyDown,OnMouseClick,RedrawRect	AssertFailed,DeleteActor,DrawActor,FreeDeletedActors,GetActorScreenRect,JoinDrawGroup,RectsEqual,RectsOverlap
00401240	AssertFailed	47	game	USER_DEFINED		ActorOrGhost,AddPlacement,ApplyMotion,CheckFreestyle,CheckSlalom,CheckTreeSlalom,CloneActor,ComputeSpriteRect,DeleteActor,DrawActor,DrawActors,FreeDeletedActors,FreeStatusWindow,GetActorScreenRect,HandleCollision,InitPlacementList,InterpolateCrossing,JoinDrawGroup,MoveActor,NewActor,NewActorWithSprite,OnKeyDown,PickSpriteForType,RandomEdgePos,RectsEqual,RectsOverlap,RedrawRect,SetActorPos,SetActorSprite,SetActorState,SetPlacementSprite,SpawnEraseGhost,SpawnPlacementIfVisible,UnionRects,UpdateActor,UpdateBurningTree,UpdateChairlift,UpdateDog,UpdateMovingPlacement,UpdateMovingPlacements,UpdatePlacementList,UpdateSkier,UpdateSnowboarder,UpdateWalkingTree,UpdateYeti	AssertMessageBox,TogglePause,wsprintfA
00401270	AssertMessageBox	30	game	USER_DEFINED		AssertFailed	DestroyWindow,MessageBoxA
00401290	RectsOverlap	95	game	USER_DEFINED		DrawActors,RedrawRect,SpawnPlacementIfVisible,UpdateWorld	AssertFailed
004012f0	RectsEqual	95	game	USER_DEFINED		DrawActors	AssertFailed
00401350	DeleteActor	52	game	USER_DEFINED		DrawActors,HandleCollision,UpdateWorld	AssertFailed
00401390	FreeDeletedActors	117	game	USER_DEFINED		DrawActors,UpdateWorld	AssertFailed
00401410	GetActorScreenRect	146	game	USER_DEFINED		DrawActor,DrawActors,RedrawRect,UpdateWorld	AssertFailed,ComputeSpriteRect
004014b0	ComputeSpriteRect	143	game	USER_DEFINED		GetActorScreenRect,SpawnPlacementIfVisible	AssertFailed
00401540	DrawActor	1058	game	USER_DEFINED		DrawActors	AssertFailed,BitBlt,EnsureOffscreenSize,GetActorScreenRect,PatBlt
00401970	EnsureOffscreenSize	240	game	USER_DEFINED		DrawActor	CreateCompatibleBitmap,DeleteObject,SelectObject
00401a60	JoinDrawGroup	180	game	USER_DEFINED		DrawActors	AssertFailed,UnionRects
00401b20	UnionRects	96	game	USER_DEFINED		JoinDrawGroup	AssertFailed
00401b80	DrawStatusPanel	354	game	USER_DEFINED		EndCourseRun,GameTick,PaintStatusWindow	DrawStatusText,FormatTime,GetResString,wsprintfA
00401cf0	GetResString	123	game	USER_DEFINED		DrawStatusPanel,ErrorBox,FormatTime,InitInstance,InitStatusWindow,PaintStatusWindow,RecordHighScore,TogglePause	LoadStringA,LocalAlloc,lstrcpyA
00401d70	FormatTime	174	game	USER_DEFINED		DrawStatusPanel,RecordHighScore	GetResString,wsprintfA
00401e20	DrawStatusText	42	game	USER_DEFINED		DrawStatusPanel,PaintStatusWindow	TextOutA
00401e50	UpdateWorld	607	game	USER_DEFINED		GameTick	DeleteActor,FreeDeletedActors,GetActorScreenRect,HandleCollision,NewActor,PlaceAtEdge,Random,RectsOverlap,SpawnAtEdge,UpdateActor,UpdateMovingPlacements,UpdatePlacementList
004020b0	Random	23	game	USER_DEFINED		BuildCourses,PickSpriteForType,PickTypeFreestyle,PickTypeOpenSlope,PickTypeTreeSlalom,RandomEdgePos,UpdateChairlift,UpdateDog,UpdateSkier,UpdateSnowboarder,UpdateWalkingTree,UpdateWorld,UpdateYeti	rand
004020d0	NewActor	78	game	USER_DEFINED		NewGame,SpawnAtEdge,SpawnPlacementIfVisible,UpdateChairlift,UpdateWorld	AllocActor,AssertFailed,SetActorState
00402120	SetActorState	96	game	USER_DEFINED		EndCourseRun,HandleCollision,NewActor,OnKeyDown,OnMouseClick,OnMouseMove,UpdateActor,UpdateBurningTree,UpdateDog,UpdateMovingPlacement,UpdateSkier,UpdateSnowboarder,UpdateWalkingTree	AssertFailed,SetActorSprite
00402180	SetActorSprite	152	game	USER_DEFINED		HandleCollision,NewActorWithSprite,SetActorState,SetPlacementSprite	AssertFailed,IsFlatSprite,SpawnEraseGhost
00402220	SpawnEraseGhost	86	game	USER_DEFINED		HandleCollision,ScrollView,SetActorPos,SetActorSprite,SetScreenAnchor	AssertFailed,CloneActor
00402280	CloneActor	130	game	USER_DEFINED		AllocActor,SpawnEraseGhost	AssertFailed
00402310	IsFlatSprite	21	game	USER_DEFINED		SetActorSprite	
00402330	AllocActor	22	game	USER_DEFINED		NewActor,NewActorWithSprite	CloneActor
00402350	PlaceAtEdge	58	game	USER_DEFINED		UpdateWorld	RandomEdgePos,SetActorPos
00402390	SetActorPos	216	game	USER_DEFINED		MoveActor,NewGame,OnChar,PlaceAtEdge,PlaceTitleSigns,SpawnAtEdge,SpawnPlacementIfVisible,UpdateChairlift,UpdateDog,UpdateMovingPlacement	AssertFailed,ScrollView,SpawnEraseGhost
00402470	ScrollView	126	game	USER_DEFINED		SetActorPos	SpawnEraseGhost
004024f0	RandomEdgePos	192	game	USER_DEFINED		PlaceAtEdge,SpawnAtEdge	AssertFailed,Random
004025c0	SpawnAtEdge	213	game	USER_DEFINED		UpdateWorld	NewActor,NewActorWithSprite,PickSpriteForType,PickTypeFreestyle,PickTypeOpenSlope,PickTypeSlalom,PickTypeTreeSlalom,RandomEdgePos,SetActorPos
004026a0	NewActorWithSprite	78	game	USER_DEFINED		PlaceTitleSigns,SpawnAtEdge,SpawnPlacementIfVisible,UpdateDog	AllocActor,AssertFailed,SetActorSprite
004026f0	PickTypeOpenSlope	122	game	USER_DEFINED		SpawnAtEdge	Random
00402770	PickTypeSlalom	37	game	USER_DEFINED		SpawnAtEdge	
004027a0	PickTypeTreeSlalom	52	game	USER_DEFINED		SpawnAtEdge	Random
004027e0	PickTypeFreestyle	100	game	USER_DEFINED		SpawnAtEdge	Random
00402850	PickSpriteForType	118	game	USER_DEFINED		BuildCourses,SpawnAtEdge	AssertFailed,Random
004028e0	UpdateActor	584	game	USER_DEFINED		UpdateWorld	AddStyle,ApplyMotion,AssertFailed,CheckFreestyle,CheckSlalom,CheckTreeSlalom,MoveActor,PlaySoundSlot,SetActorState,UpdateBurningTree,UpdateDog,UpdateSkier,UpdateSnowboarder,UpdateWalkingTree
00402ba0	PlaySoundSlot	58	game	USER_DEFINED		HandleCollision,UpdateActor,UpdateDog,UpdateYeti	LockResource
00402be0	MoveActor	125	game	USER_DEFINED		UpdateActor,UpdateDog,UpdateSkier,UpdateSnowboarder,UpdateWalkingTree	AssertFailed,SetActorPos
00402c60	CheckSlalom	452	game	USER_DEFINED		UpdateActor	AssertFailed,EndCourseRun,InterpolateCrossing,RecordHighScore,SetPlacementSprite
00402e30	InterpolateCrossing	66	game	USER_DEFINED		CheckFreestyle,CheckSlalom,CheckTreeSlalom	AssertFailed
00402e80	EndCourseRun	56	game	USER_DEFINED		CheckFreestyle,CheckSlalom,CheckTreeSlalom	DrawStatusPanel,SetActorState
00402ec0	RecordHighScore	619	game	USER_DEFINED		CheckFreestyle,CheckSlalom,CheckTreeSlalom	FormatTime,GetPrivateProfileStringA,GetResString,MessageBoxA,WritePrivateProfileStringA,atol,wsprintfA
00403130	SetPlacementSprite	66	game	USER_DEFINED		CheckSlalom,CheckTreeSlalom	AssertFailed,SetActorSprite
00403180	CheckFreestyle	207	game	USER_DEFINED		UpdateActor	AssertFailed,EndCourseRun,InterpolateCrossing,RecordHighScore
00403250	CheckTreeSlalom	452	game	USER_DEFINED		UpdateActor	AssertFailed,EndCourseRun,InterpolateCrossing,RecordHighScore,SetPlacementSprite
00403420	AddStyle	16	game	USER_DEFINED		HandleCollision,UpdateActor	
00403430	ApplyMotion	259	game	USER_DEFINED		UpdateActor,UpdateSkier,UpdateSnowboarder	AssertFailed
00403540	UpdateSkier	201	game	USER_DEFINED		UpdateActor	ApplyMotion,AssertFailed,MoveActor,Random,SetActorState
00403610	UpdateDog	289	game	USER_DEFINED		UpdateActor	AssertFailed,MoveActor,NewActorWithSprite,PlaySoundSlot,Random,SetActorPos,SetActorState
00403750	UpdateBurningTree	92	game	USER_DEFINED		UpdateActor	AssertFailed,SetActorState
004037b0	UpdateWalkingTree	331	game	USER_DEFINED		UpdateActor	AssertFailed,MoveActor,Random,SetActorState
00403910	UpdateSnowboarder	231	game	USER_DEFINED		UpdateActor	ApplyMotion,AssertFailed,MoveActor,Random,SetActorState
00403a00	HandleCollision	1492	game	USER_DEFINED		UpdateWorld	ActorOrGhost,AddStyle,AssertFailed,DeleteActor,PlaySoundSlot,SetActorSprite,SetActorState,SpawnEraseGhost
00404070	ActorOrGhost	33	game	USER_DEFINED		HandleCollision	AssertFailed
004040a0	UpdateMovingPlacements	129	game	USER_DEFINED		UpdateWorld	AssertFailed,SpawnPlacementIfVisible,UpdateMovingPlacement
00404130	SpawnPlacementIfVisible	138	game	USER_DEFINED		UpdateMovingPlacements,UpdatePlacementList	AssertFailed,ComputeSpriteRect,NewActor,NewActorWithSprite,RectsOverlap,SetActorPos
004041c0	UpdateMovingPlacement	194	game	USER_DEFINED		UpdateMovingPlacements	AssertFailed,SetActorPos,SetActorState,UpdateChairlift,UpdateYeti
00404290	UpdateChairlift	177	game	USER_DEFINED		UpdateMovingPlacement	AssertFailed,NewActor,Random,SetActorPos
00404350	UpdateYeti	883	game	USER_DEFINED		UpdateMovingPlacement	AssertFailed,PlaySoundSlot,Random
004046e0	UpdatePlacementList	222	game	USER_DEFINED		UpdateWorld	AssertFailed,SpawnPlacementIfVisible
004047c0	GameTimerProc	22	game	USER_DEFINED			GameTick
004047e0	WinMain	213	game	USER_DEFINED		WinMainCRTStartup	AllocGlobals,DestroyWindow,DispatchMessageA,FreeSounds,GetMessageA,InitGameState,InitInstance,NewGame,TranslateMessage,lstrcmpiA
004048c0	AllocGlobals	138	game	USER_DEFINED		WinMain	ErrorBox,LocalAlloc
00404950	ErrorBox	27	game	USER_DEFINED		AllocGlobals,LoadBitmaps	GetResString,MessageBoxA
00404970	InitGameState	143	game	USER_DEFINED		RestartGame,WinMain	GetTickCount,InitActorPool,ResetPlacements,srand
00404a00	InitActorPool	100	game	USER_DEFINED		InitGameState	
00404a70	ResetPlacements	10	game	USER_DEFINED		InitGameState	
00404a80	NewGame	71	game	USER_DEFINED		RestartGame,WinMain	BuildCourses,NewActor,PlaceTitleSigns,SetActorPos,StartGameTimer
00404ad0	StartGameTimer	128	game	USER_DEFINED		NewGame,TogglePause,UpdateActiveState	GetTickCount,SetTimer
00404b50	BuildCourses	1448	game	USER_DEFINED		NewGame	AddPlacement,InitPlacementList,PickSpriteForType,Random
00405100	InitPlacementList	30	game	USER_DEFINED		BuildCourses	AssertFailed
00405120	AddPlacement	187	game	USER_DEFINED		BuildCourses	AssertFailed
004051e0	PlaceTitleSigns	226	game	USER_DEFINED		NewGame	NewActorWithSprite,SetActorPos
004052d0	InitInstance	842	game	USER_DEFINED		WinMain	CreateWindowExA,DestroyWindow,FindWindowA,GetDC,GetDeviceCaps,GetResString,GetStockObject,InitSound,IsIconic,LoadCursorA,LoadIconA,LoadWaveResource,OpenIcon,RegisterClassA,ReleaseDC,SetWindowPos,ShowWindow,UpdateWindow
00405620	InitSound	20	game	USER_DEFINED		InitInstance	
00405640	LoadWaveResource	83	game	USER_DEFINED		InitInstance	FindResourceA,LoadResource,LockResource
004056a0	FreeSounds	131	game	USER_DEFINED		WinMain	FreeLibrary,FreeWaveResource
00405730	FreeWaveResource	38	game	USER_DEFINED		FreeSounds	FreeResource
00405760	TogglePause	89	game	USER_DEFINED		AssertFailed,OnKeyDown,RestartGame	GetResString,InvalidateRect,SetWindowTextA,StartGameTimer,StopGameTimer
004057c0	StopGameTimer	52	game	USER_DEFINED		FreeBitmaps,TogglePause,UpdateActiveState	KillTimer
00405800	MainWndProc	451	game	USER_DEFINED			DefWindowProcA,FreeBitmaps,LoadBitmaps,OnChar,OnKeyDown,OnMouseClick,OnMouseMove,OnPaint,OnResize,PositionStatusWindow,PostQuitMessage,SetFocus,UpdateActiveState,UpdateWindow
00405a10	UpdateActiveState	48	game	USER_DEFINED		MainWndProc	StartGameTimer,StopGameTimer
00405a40	LoadBitmaps	111	game	USER_DEFINED		MainWndProc	ErrorBox,GetDC,LoadSpriteStrips
00405ab0	LoadSpriteStrips	996	game	USER_DEFINED		LoadBitmaps	BitBlt,CreateBitmap,CreateCompatibleBitmap,CreateCompatibleDC,DeleteObject,GetObjectA,LoadBitmapRes,SelectObject
00405ea0	LoadBitmapRes	20	game	USER_DEFINED		LoadSpriteStrips	LoadBitmapA
00405ec0	FreeBitmaps	214	game	USER_DEFINED		MainWndProc	DeleteDC,DeleteObject,ReleaseDC,SelectObject,StopGameTimer
00405fa0	OnResize	179	game	USER_DEFINED		MainWndProc	GetClientRect,SetScreenAnchor
00406060	SetScreenAnchor	73	game	USER_DEFINED		OnResize	SpawnEraseGhost
004060b0	OnPaint	71	game	USER_DEFINED		MainWndProc	BeginPaint,EndPaint,FillRect,RedrawRect
00406100	RedrawRect	112	game	USER_DEFINED		OnPaint	AssertFailed,DrawActors,GetActorScreenRect,RectsOverlap
00406170	OnKeyDown	565	game	USER_DEFINED		MainWndProc	AssertFailed,DrawActors,RestartGame,SetActorState,ShowWindow,TogglePause
00406500	RestartGame	76	game	USER_DEFINED		OnKeyDown,OnMouseClick	DestroyWindow,InitGameState,InvalidateRect,NewGame,TogglePause,UpdateWindow
00406550	OnMouseMove	136	game	USER_DEFINED		MainWndProc	AirStateFromMouse,DirStateFromMouse,SetActorState
004065e0	DirStateFromMouse	132	game	USER_DEFINED		OnMouseMove	
00406670	AirStateFromMouse	85	game	USER_DEFINED		OnMouseMove	
004066d0	OnMouseClick	148	game	USER_DEFINED		MainWndProc	DrawActors,RestartGame,SetActorState
00406780	OnChar	203	game	USER_DEFINED		MainWndProc	DrawActors,GameTick,SetActorPos
00406890	PositionStatusWindow	58	game	USER_DEFINED		MainWndProc	MoveWindow
004068d0	StatusWndProc	119	game	USER_DEFINED			DefWindowProcA,FreeStatusWindow,GetClientRect,InitStatusWindow,PaintStatusWindow
00406970	PaintStatusWindow	253	game	USER_DEFINED		StatusWndProc	BeginPaint,DrawStatusPanel,DrawStatusText,EndPaint,FrameRect,GetResString,GetStockObject,lstrlenA
00406a70	InitStatusWindow	480	game	USER_DEFINED		StatusWndProc	GetDC,GetResString,GetStockObject,GetTextMetricsA,MeasureTextMax,SelectObject,lstrlenA
00406c50	MeasureTextMax	47	game	USER_DEFINED		InitStatusWindow	GetTextExtentPoint32A
00406c80	FreeStatusWindow	65	game	USER_DEFINED		StatusWndProc	AssertFailed,ReleaseDC,SelectObject
00406cd0	srand	10	crt	USER_DEFINED		InitGameState	
00406cda	rand	30	crt	USER_DEFINED		Random	
00406cf8	atol	139	crt	USER_DEFINED		RecordHighScore	FUN_00406ec2
00406d83	WinMainCRTStartup	235	crt	USER_DEFINED			FUN_00406e9e,FUN_00406f74,FUN_00406fa1,FUN_00407076,FUN_004071fa,FUN_00407252,FUN_0040730b,FUN_00407558,FUN_0040768a,FUN_00407835,GetCommandLineA,GetModuleHandleA,GetStartupInfoA,GetVersion,WinMain
00406e6e	FUN_00406e6e	11	crt	DEFAULT			__exit
00406e79	FUN_00406e79	34	crt	DEFAULT		FUN_00407252,FUN_0040730b,FUN_0040768a	FUN_00407a44,FUN_00407a7d,__exit
00406e9b	FUN_00406e9b	3	crt	DEFAULT			
00406e9e	FUN_00406e9e	35	crt	DEFAULT		WinMainCRTStartup	ExitProcess,FUN_00407a44,FUN_00407a7d
00406ec1	FUN_00406ec1	1	crt	DEFAULT			
00406ec2	FUN_00406ec2	117	crt	DEFAULT		atol	FUN_00407bd0
00406f40	FUN_00406f40	52	crt	DEFAULT			
00406f74	FUN_00406f74	45	crt	DEFAULT		WinMainCRTStartup	FUN_0040705c
00406fa1	FUN_00406fa1	17	crt	DEFAULT		WinMainCRTStartup	FUN_00406fc3
00406fb2	__exit	17	crt	ANALYSIS		FUN_00406e6e,FUN_00406e79	FUN_00406fc3
00406fc3	FUN_00406fc3	153	crt	DEFAULT		FUN_00406fa1,__exit	ExitProcess,FUN_0040705c,GetCurrentProcess,TerminateProcess
0040705c	FUN_0040705c	26	crt	DEFAULT		FUN_00406f74,FUN_00406fc3	
00407076	FUN_00407076	321	crt	DEFAULT		WinMainCRTStartup	FUN_004071b7,UnhandledExceptionFilter
004071b7	FUN_004071b7	67	crt	DEFAULT		FUN_00407076	
004071fa	FUN_004071fa	88	crt	DEFAULT		WinMainCRTStartup	FUN_00407d19,FUN_0040811f
00407252	FUN_00407252	185	crt	DEFAULT		WinMainCRTStartup	FUN_00406e79,FUN_0040811f,FUN_0040813b,FUN_00408170,_malloc,_strlen
0040730b	FUN_0040730b	153	crt	DEFAULT		WinMainCRTStartup	FUN_00406e79,FUN_004073a4,FUN_0040811f,GetModuleFileNameA,_malloc
004073a4	FUN_004073a4	436	crt	DEFAULT		FUN_0040730b	
00407558	FUN_00407558	306	crt	DEFAULT		WinMainCRTStartup	FUN_0040813b,FUN_00408360,FreeEnvironmentStringsA,FreeEnvironmentStringsW,GetEnvironmentStrings,GetEnvironmentStringsW,WideCharToMultiByte,_malloc
0040768a	FUN_0040768a	427	crt	DEFAULT		WinMainCRTStartup	FUN_00406e79,GetFileType,GetStartupInfoA,GetStdHandle,SetHandleCount,_malloc
00407835	FUN_00407835	60	crt	DEFAULT		WinMainCRTStartup	FUN_00408695,HeapCreate,HeapDestroy
00407874	__global_unwind2	32	crt	ANALYSIS		FUN_00407964	RtlUnwind
00407894	FUN_00407894	34	crt	DEFAULT			
004078b6	__local_unwind2	104	crt	ANALYSIS		FUN_00407964,FUN_00407a29	FUN_0040794a
0040791e	FUN_0040791e	35	crt	DEFAULT			
00407941	FUN_00407941	9	crt	DEFAULT			
0040794a	FUN_0040794a	24	crt	DEFAULT		FUN_00407964,__local_unwind2	
00407964	FUN_00407964	197	crt	DEFAULT			FUN_0040794a,__global_unwind2,__local_unwind2
00407a29	FUN_00407a29	27	crt	DEFAULT			__local_unwind2
00407a44	FUN_00407a44	57	crt	DEFAULT		FUN_00406e79,FUN_00406e9e	FUN_00407a7d
00407a7d	FUN_00407a7d	339	crt	DEFAULT		FUN_00406e79,FUN_00406e9e,FUN_00407a44	FUN_00408170,FUN_00408180,FUN_00408ede,GetModuleFileNameA,GetStdHandle,WriteFile,_strlen,_strncpy
00407bd0	FUN_00407bd0	318	crt	DEFAULT		FUN_00406ec2,FUN_00407f9a	FUN_004090d0,GetStringTypeA,GetStringTypeW,MultiByteToWideChar,_memset
00407d19	FUN_00407d19	17	crt	DEFAULT		FUN_004071fa	FUN_00407d2a
00407d2a	FUN_00407d2a	49	crt	DEFAULT		FUN_00407d19	
00407d5b	FUN_00407d5b	409	crt	DEFAULT		FUN_0040811f	FUN_00407ef4,FUN_00407f3e,FUN_00407f71,FUN_00407f9a,GetCPInfo
00407ef4	FUN_00407ef4	74	crt	DEFAULT		FUN_00407d5b	
00407f3e	FUN_00407f3e	51	crt	DEFAULT		FUN_00407d5b	
00407f71	FUN_00407f71	41	crt	DEFAULT		FUN_00407d5b	
00407f9a	FUN_00407f9a	389	crt	DEFAULT		FUN_00407d5b	FUN_00407bd0,FUN_004090ff,GetCPInfo
0040811f	FUN_0040811f	28	crt	DEFAULT		FUN_004071fa,FUN_00407252,FUN_0040730b	FUN_00407d5b
0040813b	FUN_0040813b	47	crt	DEFAULT		FUN_00407252,FUN_00407558	FUN_004086d3,FUN_004086fe,HeapFree
00408170	FUN_00408170	7	crt	DEFAULT		FUN_00407252,FUN_00407a7d	
00408180	FUN_00408180	224	crt	DEFAULT		FUN_00407a7d	
00408260	_malloc	18	crt	ANALYSIS		FUN_00407252,FUN_0040730b,FUN_00407558,FUN_0040768a	__nh_malloc
00408272	__nh_malloc	44	crt	ANALYSIS		_malloc	FUN_0040829e,FUN_0040934e
0040829e	FUN_0040829e	54	crt	DEFAULT		__nh_malloc	FUN_00408a29,HeapAlloc
004082e0	_strlen	123	crt	ANALYSIS		FUN_00407252,FUN_00407a7d	
00408360	FUN_00408360	664	crt	DEFAULT		FUN_00407558	
00408695	FUN_00408695	62	crt	DEFAULT		FUN_00407835	HeapAlloc
004086d3	FUN_004086d3	43	crt	DEFAULT		FUN_0040813b	
004086fe	FUN_004086fe	811	crt	DEFAULT		FUN_0040813b	FUN_00409370,HeapFree,VirtualFree
00408a29	FUN_00408a29	777	crt	DEFAULT		FUN_0040829e	FUN_00408d32,FUN_00408de3
00408d32	FUN_00408d32	177	crt	DEFAULT		FUN_00408a29	HeapAlloc,HeapFree,HeapReAlloc,VirtualAlloc
00408de3	FUN_00408de3	251	crt	DEFAULT		FUN_00408a29	VirtualAlloc
00408ede	FUN_00408ede	137	crt	DEFAULT		FUN_00407a7d	GetProcAddress,LoadLibraryA
00408f70	_strncpy	254	crt	ANALYSIS		FUN_00407a7d	
00409070	_memset	88	crt	ANALYSIS		FUN_00407bd0	
004090d0	FUN_004090d0	47	crt	DEFAULT		FUN_00407bd0,FUN_004090ff	
004090ff	FUN_004090ff	511	crt	DEFAULT		FUN_00407f9a	FUN_004090d0,FUN_00409323,LCMapStringA,LCMapStringW,MultiByteToWideChar,WideCharToMultiByte
00409323	FUN_00409323	43	crt	DEFAULT		FUN_004090ff	
0040934e	FUN_0040934e	27	crt	DEFAULT		__nh_malloc	
00409370	FUN_00409370	664	crt	DEFAULT		FUN_004086fe	
004096a6	RtlUnwind	6	crt	DEFAULT	thunk	__global_unwind2	
