library	name	callers
KERNEL32.DLL	FreeResource	FreeWaveResource
KERNEL32.DLL	lstrlenA	FUN_00406970,FUN_00406a70
KERNEL32.DLL	FreeLibrary	FreeSounds
KERNEL32.DLL	FindResourceA	LoadWaveResource
KERNEL32.DLL	LoadResource	LoadWaveResource
KERNEL32.DLL	lstrcmpiA	WinMain
KERNEL32.DLL	GetPrivateProfileStringA	HighScoresIni
KERNEL32.DLL	WritePrivateProfileStringA	HighScoresIni
KERNEL32.DLL	LockResource	LoadWaveResource,PlaySoundSlot
KERNEL32.DLL	lstrcpyA	GetResString
KERNEL32.DLL	LCMapStringA	FUN_004090ff
KERNEL32.DLL	LoadLibraryA	FUN_00408ede
KERNEL32.DLL	LCMapStringW	FUN_004090ff
KERNEL32.DLL	HeapReAlloc	FUN_00408d32
KERNEL32.DLL	GetProcAddress	FUN_00408ede
KERNEL32.DLL	HeapAlloc	FUN_0040829e,FUN_00408695,FUN_00408d32
KERNEL32.DLL	GetOEMCP	FUN_00407ef4
KERNEL32.DLL	VirtualAlloc	FUN_00408d32,FUN_00408de3
KERNEL32.DLL	GetCPInfo	FUN_00407d5b,FUN_00407f9a
KERNEL32.DLL	GetStringTypeW	FUN_00407bd0
KERNEL32.DLL	GetACP	FUN_00407ef4
KERNEL32.DLL	MultiByteToWideChar	FUN_00407bd0,FUN_004090ff
KERNEL32.DLL	WriteFile	FUN_00407a7d
KERNEL32.DLL	GetStringTypeA	FUN_00407bd0
KERNEL32.DLL	HeapFree	FUN_0040813b,FUN_004086fe,FUN_00408d32
KERNEL32.DLL	VirtualFree	FUN_004086fe
KERNEL32.DLL	RtlUnwind	__global_unwind2
KERNEL32.DLL	HeapDestroy	FUN_00407835
KERNEL32.DLL	GetFileType	FUN_0040768a
KERNEL32.DLL	HeapCreate	FUN_00407835
KERNEL32.DLL	SetHandleCount	FUN_0040768a
KERNEL32.DLL	GetEnvironmentStringsW	FUN_00407558
KERNEL32.DLL	GetStdHandle	FUN_0040768a,FUN_00407a7d
KERNEL32.DLL	GetTickCount	GameTick,GameTimerProc,InitGameState,OnChar,StartGameTimer
KERNEL32.DLL	LocalAlloc	AllocGlobals,GetResString
KERNEL32.DLL	GetModuleHandleA	WinMainCRTStartup
KERNEL32.DLL	GetStartupInfoA	FUN_0040768a,WinMainCRTStartup
KERNEL32.DLL	WideCharToMultiByte	FUN_00407558,FUN_004090ff
KERNEL32.DLL	FreeEnvironmentStringsW	FUN_00407558
KERNEL32.DLL	GetEnvironmentStrings	FUN_00407558
KERNEL32.DLL	GetModuleFileNameA	FUN_0040730b,FUN_00407a7d
KERNEL32.DLL	UnhandledExceptionFilter	FUN_00407076
KERNEL32.DLL	FreeEnvironmentStringsA	FUN_00407558
KERNEL32.DLL	GetVersion	WinMainCRTStartup
KERNEL32.DLL	GetCommandLineA	WinMainCRTStartup
KERNEL32.DLL	GetCurrentProcess	FUN_00406fc3
KERNEL32.DLL	TerminateProcess	FUN_00406fc3
KERNEL32.DLL	ExitProcess	FUN_00406e9e,FUN_00406fc3
USER32.DLL	CreateWindowExA	InitInstance
USER32.DLL	RegisterClassA	InitInstance
USER32.DLL	wsprintfA	AssertFailed,DrawStatusPanel,FormatTime,HighScoresIni
USER32.DLL	LoadStringA	GetResString
USER32.DLL	DestroyWindow	FUN_00401270,FUN_00406500,InitInstance,WinMain
USER32.DLL	MessageBoxA	ErrorBox,FUN_00401270,HighScoresIni
USER32.DLL	GetMessageA	WinMain
USER32.DLL	TranslateMessage	WinMain
USER32.DLL	DispatchMessageA	WinMain
USER32.DLL	ShowWindow	InitInstance,OnKeyDown
USER32.DLL	SetTimer	StartGameTimer
USER32.DLL	UpdateWindow	FUN_00406500,InitInstance,MainWndProc
USER32.DLL	FrameRect	FUN_00406970
USER32.DLL	LoadCursorA	InitInstance
USER32.DLL	FillRect	OnPaint
USER32.DLL	MoveWindow	FUN_00406890
USER32.DLL	BeginPaint	FUN_00406970,OnPaint
USER32.DLL	LoadBitmapA	FUN_00405ea0
USER32.DLL	EndPaint	FUN_00406970,OnPaint
USER32.DLL	GetClientRect	FUN_00405fa0,StatusWndProc
USER32.DLL	DefWindowProcA	MainWndProc,StatusWndProc
USER32.DLL	PostQuitMessage	MainWndProc
USER32.DLL	SetFocus	MainWndProc
USER32.DLL	InvalidateRect	FUN_00405760,FUN_00406500
USER32.DLL	KillTimer	FUN_004057c0
USER32.DLL	SetWindowTextA	FUN_00405760
USER32.DLL	FindWindowA	InitInstance
USER32.DLL	GetDC	FUN_00406a70,InitInstance,LoadBitmaps
USER32.DLL	ReleaseDC	FUN_00406c80,FreeBitmaps,InitInstance
USER32.DLL	OpenIcon	InitInstance
USER32.DLL	SetWindowPos	InitInstance
USER32.DLL	IsIconic	InitInstance
USER32.DLL	LoadIconA	InitInstance
GDI32.DLL	DeleteObject	FUN_00401970,FUN_00405ab0,FreeBitmaps
GDI32.DLL	SelectObject	FUN_00401970,FUN_00405ab0,FUN_00406a70,FUN_00406c80,FreeBitmaps
GDI32.DLL	GetTextExtentPoint32A	FUN_00406c50
GDI32.DLL	BitBlt	DrawActor,FUN_00405ab0
GDI32.DLL	PatBlt	DrawActor
GDI32.DLL	CreateCompatibleBitmap	FUN_00401970,FUN_00405ab0
GDI32.DLL	TextOutA	DrawStatusText
GDI32.DLL	GetStockObject	FUN_00406970,FUN_00406a70,InitInstance
GDI32.DLL	GetDeviceCaps	InitInstance
GDI32.DLL	GetObjectA	FUN_00405ab0
GDI32.DLL	DeleteDC	FreeBitmaps
GDI32.DLL	CreateBitmap	FUN_00405ab0
GDI32.DLL	GetTextMetricsA	FUN_00406a70
GDI32.DLL	CreateCompatibleDC	FUN_00405ab0
WINMM.DLL	sndPlaySoundA	InitSound
